Block,Address,Code,Results
25940746L,"0x5ee3cd2d8e5e8f821e8b30aa845cb7c1e69effc0","0x6080604052600436106102515760003560E01C80637CA6919811610139578063AA86D0C4116100B6578063CA15C8731161007A578063CA15C8731461092F...<29695 bytes left>",[Eip 170]
25898806L,"0x1c5ca7fc98843923adf02716f81ff10a47cabce3","0x6080604052600436106102255760003560E01C80637CA6919811610123578063A90B8C28116100AB578063CA15C8731161006F578063CA15C87314610882...<29109 bytes left>",[Eip 170]
24994362L,"0x454540e7ae254799b7ca58f22a9bacef0d9dcc8c","0x6080604052600436106102255760003560E01C80637023E4E311610123578063A90B8C28116100AB578063CA15C8731161006F578063CA15C87314610892...<27770 bytes left>",[Eip 170]
25804812L,"0xac06d8ae7e34668d3f172e33295bc4ba2303f8e9","0x60806040526004361061023B5760003560E01C8063791F5D231161012E578063DA95691A116100AB578063E9C714F21161006F578063E9C714F214610883...<26360 bytes left>",[Eip 170]
25297481L,"0x94d46b7d749d4f6932a63f6917758a27263cf7a4","0x7394D46B7D749D4F6932A63F6917758A27263CF7A430146080604052600436106100A85760003560E01C8063AE322C3411610070578063AE322C34146101...<25303 bytes left>",[Eip 170]
24925762L,"0x1221b9a8fbf180c26d88c8100f3fddcb3e650af1","0x608060405234801561001057600080FD5B50600436106103415760003560E01C8063900CF0CF116101BD578063C3F909D4116100F9578063EFA59DB71161...<29060 bytes left>",[Eip 170]
25899043L,"0x8960e8fa8624418a5326b7f03f9e6c5992ee459f","0x6080604052600436106102255760003560E01C80637CA6919811610123578063A90B8C28116100AB578063CA15C8731161006F578063CA15C87314610882...<29312 bytes left>",[Eip 170]
24925764L,"0x7fd58364de62ac6e61f0969b6097384028fbb75a","0x608060405234801561001057600080FD5B50600436106103415760003560E01C8063900CF0CF116101BD578063C3F909D4116100F9578063EFA59DB71161...<29358 bytes left>",[Eip 170]
25296760L,"0x570b6220067ef3674e04000f5e8ff495aff3cedc","0x73570B6220067EF3674E04000F5E8FF495AFF3CEDC30146080604052600436106100A85760003560E01C8063AE322C3411610070578063AE322C34146101...<25303 bytes left>",[Eip 170]
25892745L,"0x37fb8dd9b8b09c24c600600c243ffc6fb5cdd80e","0x6080604052600436106102255760003560E01C80637CA6919811610123578063A90B8C28116100AB578063CA15C8731161006F578063CA15C87314610882...<29312 bytes left>",[Eip 170]
25940558L,"0xf137d1596596f859dfb17bde309fb47b59e82bd7","0x6080604052600436106102515760003560E01C80637CA6919811610139578063AA86D0C4116100B6578063CA15C8731161007A578063CA15C8731461092F...<27537 bytes left>",[Eip 170]
24925761L,"0xad87a32e0e68902da69f4c0b6e4b8204806cc78e","0x608060405234801561001057600080FD5B50600436106103415760003560E01C8063900CF0CF116101BD578063C3F909D4116100F9578063EFA59DB71161...<27978 bytes left>",[Eip 170]
25297498L,"0xa77c2529cc277e21ee3b7286ae3a04a5c0b8e443","0x73A77C2529CC277E21EE3B7286AE3A04A5C0B8E44330146080604052600436106100A85760003560E01C8063AE322C3411610070578063AE322C34146101...<25303 bytes left>",[Eip 170]
25974590L,"0x411a794d28786f113c5b952833b9ffdf1f852b58","0x60806040526004361061025C5760003560E01C80637CA6919811610144578063AA86D0C4116100B6578063CA15C8731161007A578063CA15C87314610963...<30426 bytes left>",[Eip 170]
25297409L,"0xdbcb826ba2b8999d1012d46b80b9007e8e90bd0a","0x73DBCB826BA2B8999D1012D46B80B9007E8E90BD0A30146080604052600436106100A85760003560E01C8063AE322C3411610070578063AE322C34146101...<25303 bytes left>",[Eip 170]
25882445L,"0xbd804a38fdeee47695ced968f6416adfb6054921","0x608060405234801561001057600080FD5B50600436106101EF5760003560E01C8063AB9C4B5D1161010F578063D1946DBC116100A2578063E8BFDD441161...<24862 bytes left>",[Eip 170]
25959787L,"0x11d71d7b6b2946b6d9e1920a1d17647f8a7e5bfd","0x6080604052600436106102515760003560E01C80637CA6919811610139578063AA86D0C4116100B6578063CA15C8731161007A578063CA15C8731461092F...<29982 bytes left>",[Eip 170]
24925767L,"0x84a37ce3d8d3268b92a3fd5f06c682745969d6a2","0x608060405234801561001057600080FD5B50600436106101F05760003560E01C80637B1039991161010F578063AB6A9ACB116100A2578063E64DCC0E1161...<27840 bytes left>",[Eip 170]
25940697L,"0x0dc108d1020f1a7cc50b0cabb5093f64f9494a08","0x6080604052600436106102515760003560E01C80637CA6919811610139578063AA86D0C4116100B6578063CA15C8731161007A578063CA15C8731461092F...<29695 bytes left>",[Eip 170]
25296721L,"0x08c64868129e86015061eb87caa58cdd9f984756","0x7308C64868129E86015061EB87CAA58CDD9F98475630146080604052600436106100A85760003560E01C8063AE322C3411610070578063AE322C34146101...<25303 bytes left>",[Eip 170]
24948891L,"0xe900bc23b824d9232f0a31796692ba4e5b8cdc25","0x60806040526004361061014F5760003560E01C806385F8C259116100B6578063BAA2ABDE1161006F578063BAA2ABDE14611064578063C45A015514611138...<26756 bytes left>",[Eip 170]
24925763L,"0xd13166c66572dda400098d9ef88c56fcf5a1fd37","0x608060405234801561001057600080FD5B50600436106103415760003560E01C8063900CF0CF116101BD578063C3F909D4116100F9578063EFA59DB71161...<29210 bytes left>",[Eip 170]
25940816L,"0x4e2f1974c5eb057044cc9039badfab9030231c41","0x6080604052600436106102515760003560E01C80637CA6919811610139578063AA86D0C4116100B6578063CA15C8731161007A578063CA15C8731461092F...<29865 bytes left>",[Eip 170]
25859205L,"0xa9e7ba8bf3bfbe9a15aa8c3f80a5ca47c96c02e5","0x60806040526004361061021A5760003560E01C80637023E4E311610123578063A90B8C28116100AB578063CA15C8731161006F578063CA15C8731461084A...<26898 bytes left>",[Eip 170]
25861758L,"0x50d026fa319134a69ddeb2f433e0981f7addeaa0","0x60806040526004361061020F5760003560E01C80637B5F891211610118578063AA86D0C4116100A0578063CA15C8731161006F578063CA15C87314610816...<26960 bytes left>",[Eip 170]
25957767L,"0xe22effe758861b06d77af9b355d244e4cf76f0f1","0x6080604052600436106102515760003560E01C80637CA6919811610139578063AA86D0C4116100B6578063CA15C8731161007A578063CA15C8731461092F...<30381 bytes left>",[Eip 170]
24991241L,"0x3103acc29f865775f994dda8bb9eab92177452ef","0x6080604052600436106102255760003560E01C80637023E4E311610123578063A90B8C28116100AB578063CA15C8731161006F578063CA15C87314610892...<27623 bytes left>",[Eip 170]
25297434L,"0x0aea8a2b4f621d288e993f202b763ab55c6e94a2","0x730AEA8A2B4F621D288E993F202B763AB55C6E94A230146080604052600436106100A85760003560E01C8063AE322C3411610070578063AE322C34146101...<25303 bytes left>",[Eip 170]
25940715L,"0x1b053dc9d848ef4df174f98fb8734477d2245f14","0x6080604052600436106102515760003560E01C80637CA6919811610139578063AA86D0C4116100B6578063CA15C8731161007A578063CA15C8731461092F...<29460 bytes left>",[Eip 170]